"","link"
"1","https://www.tfrrs.org/results/xc/13227.html"
"2","https://www.tfrrs.org/results/xc/13115.html"
"3","https://www.tfrrs.org/results/xc/13109.html"
"4","https://www.tfrrs.org/results/xc/12950.html"
"5","https://www.tfrrs.org/results/xc/12919.html"
"6","https://www.tfrrs.org/results/xc/12864.html"
"7","https://www.tfrrs.org/results/xc/12804.html"
"8","https://www.tfrrs.org/results/xc/12550.html"
"9","https://www.tfrrs.org/results/xc/11530.html"
"10","https://www.tfrrs.org/results/xc/12364.html"
"11","https://www.tfrrs.org/results/xc/12042.html"
"12","https://www.tfrrs.org/results/xc/12127.html"
"13","https://www.tfrrs.org/results/xc/11992.html"
"14","https://www.tfrrs.org/results/xc/12457.html"
"15","https://www.tfrrs.org/results/xc/11018.html"
"16","https://www.tfrrs.org/results/xc/11209.html"
"17","https://www.tfrrs.org/results/xc/11198.html"
"18","https://www.tfrrs.org/results/xc/11215.html"
"19","https://www.tfrrs.org/results/xc/11052.html"
"20","https://www.tfrrs.org/results/xc/10967.html"
"21","https://www.tfrrs.org/results/xc/10957.html"
"22","https://www.tfrrs.org/results/xc/10851.html"
"23","https://www.tfrrs.org/results/xc/10860.html"
"24","https://www.tfrrs.org/results/xc/10762.html"
"25","https://www.tfrrs.org/results/xc/10646.html"
"26","https://www.tfrrs.org/results/xc/10620.html"
"27","https://www.tfrrs.org/results/xc/10421.html"
"28","https://www.tfrrs.org/results/xc/9477.html"
"29","https://www.tfrrs.org/results/xc/10407.html"
"30","https://www.tfrrs.org/results/xc/10234.html"
"31","https://www.tfrrs.org/results/xc/10239.html"
"32","https://www.tfrrs.org/results/xc/10176.html"
"33","https://www.tfrrs.org/results/xc/10260.html"
"34","https://www.tfrrs.org/results/xc/10241.html"
"35","https://www.tfrrs.org/results/xc/9277.html"
"36","https://www.tfrrs.org/results/xc/9282.html"
"37","https://www.tfrrs.org/results/xc/9225.html"
"38","https://www.tfrrs.org/results/xc/9125.html"
"39","https://www.tfrrs.org/results/xc/9048.html"
"40","https://www.tfrrs.org/results/xc/9023.html"
"41","https://www.tfrrs.org/results/xc/8935.html"
"42","https://www.tfrrs.org/results/xc/8829.html"
"43","https://www.tfrrs.org/results/xc/8818.html"
"44","https://www.tfrrs.org/results/xc/8722.html"
"45","https://www.tfrrs.org/results/xc/7811.html"
"46","https://www.tfrrs.org/results/xc/8603.html"
"47","https://www.tfrrs.org/results/xc/8468.html"
"48","https://www.tfrrs.org/results/xc/8589.html"
"49","https://www.tfrrs.org/results/xc/8459.html"
"50","https://www.tfrrs.org/results/xc/8483.html"
"51","https://www.tfrrs.org/results/xc/8517.html"
"52","https://www.tfrrs.org/results/xc/7573.html"
"53","https://www.tfrrs.org/results/xc/7582.html"
"54","https://www.tfrrs.org/results/xc/7815.html"
"55","https://www.tfrrs.org/results/xc/7519.html"
"56","https://www.tfrrs.org/results/xc/7480.html"
"57","https://www.tfrrs.org/results/xc/7378.html"
"58","https://www.tfrrs.org/results/xc/7214.html"
"59","https://www.tfrrs.org/results/xc/7194.html"
"60","https://www.tfrrs.org/results/xc/7125.html"
"61","https://www.tfrrs.org/results/xc/6422.html"
"62","https://www.tfrrs.org/results/xc/6913.html"
"63","https://www.tfrrs.org/results/xc/6922.html"
"64","https://www.tfrrs.org/results/xc/6887.html"
"65","https://www.tfrrs.org/results/xc/6799.html"
"66","https://www.tfrrs.org/results/xc/6803.html"
"67","https://www.tfrrs.org/results/xc/6016.html"
"68","https://www.tfrrs.org/results/xc/6190.html"
"69","https://www.tfrrs.org/results/xc/6155.html"
"70","https://www.tfrrs.org/results/xc/6174.html"
"71","https://www.tfrrs.org/results/xc/5979.html"
"72","https://www.tfrrs.org/results/xc/5913.html"
"73","https://www.tfrrs.org/results/xc/5703.html"
"74","https://www.tfrrs.org/results/xc/5683.html"
"75","https://www.tfrrs.org/results/xc/5672.html"
"76","https://www.tfrrs.org/results/xc/5603.html"
"77","https://www.tfrrs.org/results/xc/5481.html"
"78","https://www.tfrrs.org/results/xc/5384.html"
"79","https://www.tfrrs.org/results/xc/5387.html"
"80","https://www.tfrrs.org/results/xc/5391.html"
"81","https://www.tfrrs.org/results/xc/5397.html"
"82","https://www.tfrrs.org/results/xc/5353.html"
"83","https://www.tfrrs.org/results/xc/5357.html"
"84","https://www.tfrrs.org/results/xc/5242.html"
"85","https://www.tfrrs.org/results/xc/5283.html"
"86","https://www.tfrrs.org/results/xc/5868.html"
"87","https://www.tfrrs.org/results/xc/5869.html"
"88","https://www.tfrrs.org/results/xc/4806.html"
"89","https://www.tfrrs.org/results/xc/4746.html"
"90","https://www.tfrrs.org/results/xc/4748.html"
"91","https://www.tfrrs.org/results/xc/4714.html"
"92","https://www.tfrrs.org/results/xc/4696.html"
"93","https://www.tfrrs.org/results/xc/4628.html"
"94","https://www.tfrrs.org/results/xc/4754.html"
"95","https://www.tfrrs.org/results/xc/4555.html"
"96","https://www.tfrrs.org/results/xc/4502.html"
"97","https://www.tfrrs.org/results/xc/4429.html"
"98","https://www.tfrrs.org/results/xc/4606.html"
"99","https://www.tfrrs.org/results/xc/4028.html"
